"","Larval_Photoperiod","means","sd","n","se"
"1",10,0.331196395150139,0.0400703992176509,31,0.00719685615381963
"2",11,0.365282463055591,0.0355160772504583,15,0.00917021171424273
"3",12,0.370361000615518,0.043183875443434,28,0.00816098536223681
"4",13,0.426330298931159,0.0282622919963748,27,0.00543908063067426
"5",14,0.454764388274949,0.025881209570423,16,0.00647030239260574
